Special_Points,Opening Gambit,Last-Ditch Effort,Ninja Squid,Respawn Punisher,Haunt,Tenacity,Thermal Ink,Object Shredder,Drop Roller,Stealth Jump,Comeback,Special Saver,Quick Super Jump,Sub Power Up,Ink Recovery Up,Special Charge Up,Ink Saver (Main),Intensify Action,Swim Speed Up,Ink Saver (Sub),Special Power Up,Ink Resistance Up,Quick Respawn,Sub Resistance Up,Run Speed Up,Builds_Count
194.1569630477216,0.0294473985326782,0.21393955711112606,0.08692872046846604,0.03261089048933163,0.017466514101097126,0.011543380224809854,0.02278387292185502,0.08561620784815238,0.03520226156020731,0.64659756343811,0.311031836844585,1.8442821565591976,3.884633506091405,1.244699468264118,1.1948912970317023,4.063471764151578,3.4754661102510602,1.9208790469139125,7.382109443360032,1.5537793632631083,2.1112270310291446,2.872719929999327,4.75896883623881,1.5644813892441274,4.19670862219829,29714
