Special_Points,Thermal Ink,Ninja Squid,Object Shredder,Haunt,Comeback,Respawn Punisher,Opening Gambit,Last-Ditch Effort,Tenacity,Stealth Jump,Drop Roller,Ink Saver (Sub),Special Power Up,Quick Respawn,Intensify Action,Ink Saver (Main),Special Saver,Sub Resistance Up,Ink Recovery Up,Ink Resistance Up,Sub Power Up,Run Speed Up,Special Charge Up,Quick Super Jump,Swim Speed Up,Builds_Count
194.1567663985461,0.022818295022380777,0.0870662672904116,0.08548446807794569,0.017433446639518055,0.31117692592467944,0.03267929862349813,0.029381078988994717,0.2141150338235789,0.011510113418369064,0.6462154612459193,0.03523710160535792,1.5528893077104298,2.1083364184027196,4.75828761821425,1.9227610810083129,3.4772321879312087,1.8441086393161243,1.5642311446168344,1.195335375088345,2.875004206912799,1.244303840070003,4.200686568168815,4.061420926867028,3.885067142328274,7.379160636758321,29713
