Special_Points,Tenacity,Stealth Jump,Ninja Squid,Haunt,Last-Ditch Effort,Respawn Punisher,Opening Gambit,Object Shredder,Comeback,Drop Roller,Thermal Ink,Run Speed Up,Ink Resistance Up,Special Power Up,Ink Saver (Main),Sub Resistance Up,Quick Respawn,Special Charge Up,Ink Saver (Sub),Ink Recovery Up,Sub Power Up,Quick Super Jump,Swim Speed Up,Special Saver,Intensify Action,Builds_Count
194.0092397624061,0.011219711493133033,0.660894434143122,0.08501209968886514,0.01709670322763129,0.21339451271253024,0.03202489078852258,0.02856783682705302,0.08491781639900688,0.31874037524749366,0.033690562242685185,0.0221251453534052,4.094471856437977,2.89229705521858,2.120054055752852,3.475030642069204,1.633049435871649,4.656871680442503,4.141142084917816,1.523460825293064,1.1448819887488608,1.2196800653697477,3.911405135296521,7.372481850466702,1.7900939690122255,1.948238473867815,31819
