Special_Points,Last-Ditch Effort,Haunt,Stealth Jump,Thermal Ink,Opening Gambit,Object Shredder,Respawn Punisher,Drop Roller,Comeback,Tenacity,Ninja Squid,Sub Power Up,Quick Respawn,Ink Resistance Up,Swim Speed Up,Quick Super Jump,Ink Recovery Up,Sub Resistance Up,Special Power Up,Special Charge Up,Ink Saver (Sub),Ink Saver (Main),Special Saver,Run Speed Up,Intensify Action,Builds_Count
194.1567663985461,0.2141150338235789,0.017433446639518055,0.6462154612459193,0.022818295022380777,0.029381078988994717,0.08548446807794569,0.03267929862349813,0.03523710160535792,0.31117692592467944,0.011510113418369064,0.0870662672904116,1.244303840070003,4.75828761821425,2.875004206912799,7.379160636758321,3.885067142328274,1.195335375088345,1.5642311446168344,2.1083364184027196,4.061420926867028,1.5528893077104298,3.4772321879312087,1.8441086393161243,4.200686568168815,1.9227610810083129,29713
