Special_Points,Opening Gambit,Haunt,Comeback,Thermal Ink,Last-Ditch Effort,Stealth Jump,Ninja Squid,Respawn Punisher,Tenacity,Object Shredder,Drop Roller,Ink Recovery Up,Quick Respawn,Ink Resistance Up,Special Power Up,Run Speed Up,Special Charge Up,Ink Saver (Main),Special Saver,Quick Super Jump,Swim Speed Up,Ink Saver (Sub),Intensify Action,Sub Resistance Up,Sub Power Up,Builds_Count
194.1567663985461,0.029381078988994717,0.017433446639518055,0.31117692592467944,0.022818295022380777,0.2141150338235789,0.6462154612459193,0.0870662672904116,0.03267929862349813,0.011510113418369064,0.08548446807794569,0.03523710160535792,1.195335375088345,4.75828761821425,2.875004206912799,2.1083364184027196,4.200686568168815,4.061420926867028,3.4772321879312087,1.8441086393161243,3.885067142328274,7.379160636758321,1.5528893077104298,1.9227610810083129,1.5642311446168344,1.244303840070003,29713
